,id,text,from_id,likes,post_id
0,247,123,224681507,0,245
1,248,321?,-206944280,0,245
2,249,"[club206944280|–ò–ú–ö–¢ –î–í–§–£], 456",224681507,0,245
3,251,"–õ–∞–¥–Ω–æ, –≤—ã –ø–æ–±–µ–¥–∏–ª–∏.",-206944280,0,245
4,235,–ö–æ–≥–¥–∞ –±—É–¥–µ—Ç —Ç—É—Ä–Ω–∏—Ä –ø–æ Clash Royale?,432019281,4,234
5,236,–ö–æ–≥–¥–∞ –±—É–¥–µ—Ç —Ç—É—Ä–Ω–∏—Ä –ø–æ –∫–æ—Å—ã–Ω–∫–µ?,405233033,4,234
6,238,–≤–æ—Ç –±—ã –±–∏–ª–∞ —Ç—É—Ä–Ω–∏—Ä –ø–æ –±—Ä–∞–ª —Å—Ç–∞—Ä—Ç—Å,206458372,3,234
7,239,–≤—Å—Ç—É–ø–ª—é –≤ —Å–∏–ª—å–Ω—ã–π –∫–ª–∞–Ω –≤ Clash Royale,335668836,1,234
8,240,"[id405233033|–ê–ª–µ–∫—Å–∞–Ω–¥—Ä], –ø–∞—É–∫, —Å–æ–ª–∏—Ç–µ—Ä",567222532,0,234
9,241,"[id567222532|Ioanna], —Å–∞–ø–µ—Ä",150609591,0,234
10,242,–ù–µ –ø–æ–≤–æ–¥ –¥–ª—è —à—É—Ç–æ–∫,-206944280,0,234
11,229,–ï—Ç–æ —è!!!üò±üò±üò±,283841494,0,228
12,231,"–≠—Ç–æ –æ–Ω!!!
–ü–æ–∑–¥—Ä–∞–≤–ª—è–µ–º :)",-206944280,1,228
13,232,,283841494,0,228
14,217,–ò–ë - —Å–∏–ª–∞,295028917,7,216
15,250,–ö–ë-–º–æ–≥–∏–ª–∞,366108093,0,216
16,215,"–ü–∞—à–∞ –ª—É—á—à–∏–π, –Ω–µ —Å–æ–º–Ω–µ–≤–∞–ª—Å—è!!!!",586134563,13,214
17,211,–û–≥–æ–Ω—å! üòä,6303325,1,210
18,192,–û —ç—Ç–æ —è,176509188,0,191
19,193,"–ú–∞—Ç–µ–º–∞—Ç–∏–∫–∏ –Ω–µ —Ç–∞–∫ –º–Ω–æ–≥–æ, –Ω–æ –ø–æ—Å–ª–µ –Ω–µ–µ –æ—Ç—á–∏—Å–ª—è–µ—Ç—Å—è –ø–æ–ª–æ–≤–∏–Ω–∞ –≥—Ä—É–ø–ø—ã –Ω–∞ –ø–µ—Ä–≤–æ–º –∫—É—Ä—Å–µü§î",283841494,5,191
20,197,"–õ—É—á—à–µ–µ –Ω–∞–ø—Ä–∞–≤–ª–µ–Ω–∏–µ –≤ –≥–∞–ª–∞–∫—Ç–∏–∫–µ. 

–Ø –∑–∞ –æ–¥–∏–Ω –≥–æ–¥ —Å–¥–µ–ª–∞–ª –±–æ–ª—å—à–µ, —á–µ–º –∑–∞ 19 –ª–µ—Ç –∂–∏–∑–Ω–∏. –ò –æ–∫–Ω–∞ —Å—Ç–∞–≤–∏–ª; –∏ –≤ —á–µ–º–ø–∏–æ–Ω–∞—Ç–µ –ø–æ –Ω–∞–ø–∏—Å–∞–Ω–∏—é –∫–æ–Ω—Å–ø–µ–∫—Ç–æ–≤ –ø–æ –ë–ñ–î –Ω–∞ —Å–∫–æ—Ä–æ—Å—Ç—å –ø–µ—Ä–≤–æ–µ –º–µ—Å—Ç–æ –∑–∞–Ω—è–ª; –∏ –≤—ã—É—á–∏–ª —è–∑—ã–∫–æ–≤ –±–æ–ª—å—à–µ, —á–µ–º —Ç–µ —Ä–µ–±—è—Ç–∞, –∫–æ—Ç–æ—Ä—ã–µ –Ω–∞ –ª–∏–Ω–≥–≤–∏—Å—Ç–æ–≤ –ø–æ—à–ª–∏; —Å–¥–µ–ª–∞–ª —Å–≤–æ—é –∏–≥—Ä—É –ø—Ä–æ –î–í–§–£; –æ—Ç–∫—Ä—ã–ª —Å–≤–æ—ë –ø—Ä–µ–¥–ø—Ä–∏—è—Ç–∏–µ; –∑–∞–∫—Ä—ã–ª —Å–≤–æ—ë –ø—Ä–µ–¥–ø—Ä–∏—è—Ç–∏–µ. 

–ê –µ—â—ë –ª–æ–ª, –Ω—É, –ü—Ä–∏–∫–ª–∞–¥–Ω–∞—è –ò–Ω—Ñ–æ—Ä–º–∞—Ç–∏–∫–∞ –≤ –£–ø—Ä–∞–≤–ª–µ–Ω–∏–∏ —Å–æ–∫—Ä–∞—â—ë–Ω–Ω–æ - –ü–ò–£ üî´, –ø–æ-–º–æ–µ–º—É, —ç—Ç–æ —Å–∏–ª—å–Ω–µ–π—à–∏–π –∞—Ä–≥—É–º–µ–Ω—Ç.

–í –æ–±—â–µ–º, —Ç—É—Ç –≤–µ—Å–µ–ª–æ. –¢–æ–ª—å–∫–æ —Å–Ω–∞—á–∞–ª–∞ –º–∞—Ç–∞–Ω–∞–ª–∏–∑ –∑–∞–∫–æ–Ω—á–∏—Ç—Å—è, –∞ –ø–æ—Ç–æ–º –∫–∞–π—Ñ–∞—Ä–∏–∫.",329414568,24,191
21,194,"[id283841494|–í–ª–∞–¥], –ø–æ–º—è–Ω–µ–º –≥–µ—Ä–æ–µ–≤, –ø–∞–¥—à–∏—Ö –≤–æ –∏–º—è –º–∞—Ç–∞–Ω–∞–ª–∏–∑–∞...",203603517,0,191
22,195,"[id203603517|–ù–∏–∫–∏—Ç–∞], –ø–æ–º—è–Ω–µ–º –º–æ–π –∫—Ä–∞—Å–Ω—ã–π –¥–∏–ø–ª–æ–º, –ø–∞–¥—à–∏–π –æ—Ç —Ä—É–∫ –º–∞—Ç–∞–Ω–∞–ª–∏–∑–∞.",283841494,0,191
23,196,"[id283841494|–í–ª–∞–¥], ü§£ü§£ü§£ü§£",300901052,0,191
24,198,"[id329414568|–í–ª–∞–¥], ‚ù§",6303325,1,191
25,168,–ò–°–ò–¢ - –æ–≥–æ–Ω—åüî•üíó,145662921,8,165
26,169,–ò–°–ò–¢ - –æ–≥–æ–Ω—åüî•üñ§,317384613,7,165
27,171,–ò–°–ò–¢ -–æ–≥–æ–Ω—åüî•üíô,649598897,6,165
28,174,–ò–°–ò–¢- –æ–≥–æ–Ω—å üî•üíú,427059695,8,165
29,175,–ò–°–ò–¢ –≤ —Å–µ—Ä–¥–µ—á–∫–µ‚ù§,213261798,7,165
30,179,–ò–°–ò–¢ - –æ–≥–æ–Ω—åüî•üíõ,303156488,6,165
31,166,–ò–°–ò–¢ - –æ–≥–æ–Ω—å üî•,145662921,9,162
32,167,–ò–°–ò–¢ - –æ–≥–æ–Ω—å üî•üñ§,317384613,9,162
33,170,–ò–°–ò–¢ - –ª—É—á—à–∏–π –≤—É–∑,539372049,7,162
34,173,–ò–°–ò–¢ - –æ–≥–æ–Ω—å üî•,7660555,6,162
35,176,–ò–°–ò–¢ –∑–¥–µ—Å—å,521060984,6,162
36,177,–ò–°–ò–¢ - –æ–∂–æ–Ω—å,521060984,6,162
37,178,–ò–°–ò–¢ - –æ–≥–æ–Ω—å üî•‚ô•Ô∏è,649598897,5,162
38,180,–ò–°–ò–¢ - –ø—É—à—å–∫–∞üëç,300468923,6,162
39,181,–ò–°–ò–¢ - –æ–≥–æ–Ω—å üî•,213851167,5,162
40,184,–ò–°–ò–¢ –ª—É—á—à–∏–π ‚ù§Ô∏è‚Äçüî•,482410420,6,162
41,186,"–û–±—ä–µ–∫—Ç–∏–≤–Ω–æ, –ò–°–ò–¢ - –ª—É—á—à–µ–µ –Ω–∞–ø—Ä–∞–≤–ª–µ–Ω–∏–µ –≤ –º–∏—Ä–µ",303156488,6,162
42,182,"[id539372049|–ö–µ—Ä–∏–º], –ò–°–ò–¢ –≤—Ä–æ–¥–µ –Ω–µ –≤—É–∑",-206944280,0,162
43,190,"[club206944280|–ò–ú–ö–¢ –î–í–§–£], –±—É–¥–µ—Ç –≤—É–∑–æ–º",213851167,0,162
44,199,"[id213851167|Dima], –Ω–µ—Ç –Ω–µ –±—É–¥–µ—Ç",679967485,1,162
45,189,"[id303156488|–ò–ª—å—è], —è —Ç–æ–∂–µ —Å —ç—Ç–∏–º —Å–æ–≥–ª–∞—Å–µ–Ω",213851167,2,162
46,203,"–ú–µ—Å—Ç–æ –æ–±–∏—Ç–∞–Ω–∏—è –ø—Ä–∏–∑—Ä–∞—á–Ω—ã—Ö —Å—Ç—É–¥–µ–Ω—Ç–æ–≤ –∏ —Ç–µ—Ö, –ø—Ä–æ –∫–æ–≥–æ –î–í–§–£ –≤—Å–µ–≥–¥–∞ –∑–∞–±—ã–≤–∞–µ—Ç.",265435051,4,161
47,141,–í—Å—Ç—Ä–µ—á–∞ –ø—Ä–æ–π–¥—ë—Ç –≤ G470,-206944280,0,134
48,127,–°–¥–µ–ª–∞–Ω–æ –≤ –ò–ú–ö–¢,6303325,3,126
49,131,–õ—É—á—à–∏–µ! –î–µ–ª–∞–µ—Ç–µ –Ω–∞—à –≤—É–∑ –∏ –∏—Å—Ç–∏—Ç—É—Ç –ª—É—á—à–µ!,383446997,3,126
50,129,"[id6303325|–ê–ª–µ–∫—Å–µ–π], —Ñ–∞–∫—É–ª—å—Ç–µ—Ç –º–µ—á—Ç—ã?",600535282,0,126
51,130,"[id600535282|–†–æ–º–∞–Ω], –∏–º–µ–Ω–Ω–æ —Ç–∞–∫! üòâ",6303325,1,126
52,109,–≥–æ —Ç—É—Ä–∏–∫ –ø–æ hl2 dm :),224681507,0,108
53,111,–ù–∞–¥–æ –ø—Ä–∏—Ö–æ–¥–∏—Ç—å —Å–æ —Å–≤–æ–µ–π –∫–æ–º–∞–Ω–¥–æ–π –∏–ª–∏ —Ç–∞–º –±—É–¥–µ—Ç —Å–æ–±–∏—Ä–∞—Ç—å—Å—è —Ä–∞–Ω–¥–æ–º–Ω—ã–π —Å—Ç–∞–∫,247227509,0,108
54,112,–©–∞ –±—ã —Ç—É—Ä–Ω–∏—Ä—ã –ø–æ –º–µ—Ä—Ç–≤—ã–º –∏–≥—Ä–∞–º —É—Å—Ç—Ä–∞–∏–≤–∞—Ç—å,554945804,0,108
55,123,"–ê –∫–∞–∫–∏–µ —Å—É—Ä—Å-–ø–æ—Ä—Ç—ã –¥–ª—è —Ç–µ—Ö –∏–ª–∏ –∏–Ω—ã—Ö –∏–≥—Ä? –£ Q3 –∏ Q2 —Å–æ–æ—Ç–≤–µ—Ç—Å—Ç–≤–µ–Ω–Ω–æ –µ—Å—Ç—å –ø–æ –Ω–µ—Å–∫–æ–ª—å–∫–æ –ø–æ—Ä—Ç–æ–≤ –¥–ª—è —Ä–∞–∑–Ω—ã—Ö –ø–ª–∞—Ç—Ñ–æ—Ä–º, —Å–æ —Å–≤–æ–∏–º–∏ —Ñ–∏—á–∞–º–∏",150609591,0,108
56,110,"[id224681507|–ê–Ω–¥—Ä–µ–π], –µ—Å–ª–∏ –∑–∞–ª–µ—Ç–∏—Ç, —Ç–æ –≤—Å–µ –±—É–¥–µ—Ç)",151531982,0,108
57,115,"[id247227509|–î–µ–Ω–∏—Å], –Ω–∞ Counter Strike - —Å–æ–±–∏—Ä–∞–µ—Ç–µ —Å–≤–æ—é –∫–æ–º–∞–Ω–¥—É. –ù–∞ –æ—Å—Ç–∞–ª—å–Ω—ã–µ - –æ–Ω–∏ –æ–¥–∏–Ω–æ—á–Ω—ã–µ, –ø–æ—ç—Ç–æ–º—É —Ç–∞–º –º–æ–∂–Ω–æ –≤ –æ–¥–Ω–æ–≥–æ",151531982,0,108
58,113,"[id554945804|–ò–≥–Ω–∞—Ç], –æ–ª–¥—ã –ø–æ–π–º—É—Ç",6303325,0,108
59,114,"[id6303325|–ê–ª–µ–∫—Å–µ–π], –æ–ª–¥—ã —Ç–æ –º–æ–∂–µ—Ç –∏ –ø–æ–π–º—É—Ç, —Ç–æ–ª—å–∫–æ –æ–ª–¥–æ–≤ —É–∂–µ –Ω–∞ –º–µ—Å—Ç–µ –Ω–µ—Ç. –ú–æ–≥–ª–∏ –±—ã —Ö–æ—Ç—è–±—ã mk11 –∏–ª–∏ tekken7 –¥–æ–±–∞–≤–∏—Ç—å",554945804,1,108
60,116,"[id554945804|–ò–≥–Ω–∞—Ç], –≤—ã–Ω—É–∂–¥–µ–Ω —Å –≤–∞–º–∏ –Ω–µ —Å–æ–≥–ª–∞—Å–∏—Ç—å—Å—è. –î–∞–Ω–Ω–æ–µ –º–µ—Ä–æ–ø—Ä–∏—è—Ç–∏–µ –ø–æ–≥—Ä—É–∑–∏—Ç —É—á–∞—Å—Ç–Ω–∏–∫–æ–≤ –≤ –∞—Ç–º–æ—Å—Ñ–µ—Ä—É, –∫–æ–≥–¥–∞ —Ç—ã —Å–∏–¥–µ–ª –≤ –∫–æ–º–ø—å—é—Ç–µ—Ä–Ω–æ–º –∫–ª—É–±–µ –∏ –∂–¥–∞–ª, –ø–æ–∫–∞ –¥–æ–∫–∞—á–∞–µ—Ç—Å—è —Ç–∞ –∏–ª–∏ –∏–Ω–∞—è –∏–≥—Ä–∞
–ê –Ω–æ–≤—ã–µ –∏–≥—Ä—ã - —ç—Ç–æ —É–∂–µ –∫–∞–∂–¥—ã–π —Å–∞–º –ø–æ–∏–≥—Ä–∞—Ç—å –º–æ–∂–µ—Ç",151531982,1,108
61,117,"[id6303325|–ê–ª–µ–∫—Å–µ–π], –Ω–µ —Å–ª—É—à–∞–π—Ç–µ –Ω–∏–∫–æ–≥–æ!
–ì–æ–¥–Ω–æ –¥–µ–ª–∞—Ç—å –º–µ—Ä—ã—á–∏, –∫–æ—Ç–æ—Ä—ã–µ —Å–∞–º–æ–º—É –Ω—Ä–∞–≤—è—Ç—Å—è. –°–∞–º —Ç–∞–∫ –¥–µ–ª–∞–ª))",181201565,2,108
62,118,"–°–ø–∞—Å–∏–±–æ, –ê—Ä—Ç—ë–º! ü§ó –ö—Å—Ç–∞—Ç–∏, –∫–∞–∫ —É –≤–∞—Å –¥–µ–ª–∞? üôÉ",6303325,0,108
63,119,"[id6303325|–ê–ª–µ–∫—Å–µ–π], –≤—Å–µ —Ö–æ—Ä–æ—à–æ, —Ä–∞–±–æ—Ç—ã –ø—Ä—è–º —É–π–º—É, –∞ –ø–æ –Ω–æ—á–∞–º –º–µ—á—Ç–∞—é –æ —Ç–æ–º, —á—Ç–æ–±—ã –≤–µ—Ä–Ω—É—Ç—å—Å—è –≤ —É–Ω–∏–≤–µ—Ä –∏ —á—Ç–æ-–Ω–∏–±—É–¥—å –≥–æ–¥–Ω–æ–µ –∑–∞–º—É—Ç–∏—Ç—å)",181201565,0,108
64,120,"[id181201565|–ê—Ä—Ç—ë–º], –º—ã –≤–∞–º –≤—Å–µ–≥–¥–∞ —Ä–∞–¥—ã, —Ä–∞–±–æ—Ç—ã –∑–¥–µ—Å—å —Ç–æ–∂–µ –ø–æ–ª–Ω–æ, –≤—Å—è –ø—Ä–æ –≥–æ–¥–Ω–æ—Ç—É üòâ",6303325,1,108
65,121,"[id6303325|–ê–ª–µ–∫—Å–µ–π], —Å–ø–∞—Å–∏–±–æ ‚ò∫Ô∏è",181201565,0,108
66,122,"[id554945804|Ignat], –æ—Å—É–∂–¥–∞—é",150609591,0,108
67,124,"[id151531982|–ù–∏–∫–∏—Ç–∞], –±–∏–ª–∏ –≤—Ä–µ–º–µ–Ω–∞, –∫–æ–≥–¥–∞ –Ω–æ–≤—ã–µ –∏–≥—Ä—ã –∫–∞—á–∞–ª–∏—Å—å —Ä–∞–∑ –≤ –ø–æ–ª–≥–æ–¥–∞.
–ú–Ω–æ–≥–∏–µ –≤–æ –¥–≤–æ—Ä–µ –ø—Ä–∏—Ö–æ–¥–∏–ª–∏, —á—Ç–æ–±—ã –ø—Ä–æ—Å—Ç–æ –ø–æ—Å–º–æ—Ç—Ä–µ—Ç—å –∫–∞–∫ –∏–≥—Ä–∞—é—Ç –≤ –∫—Å, –¥–æ—Ç—É (–±—ã–ª–∏ –≤—Ä–µ–º–µ–Ω–∞ –∫–æ–≥–¥–∞ –±—ã–ª –ø—Ä–æ—Å—Ç–æ —Ä—É–±–∏–ª–∏—Å—å —Ç–æ–ª—å–∫–æ –≤ queke –∏ –≤ age of empires. 
–ê –¥–ª—è —Ç–æ–≥–æ, —á—Ç–æ–±—ã –ø–æ–∏–≥—Ä–∞—Ç—å, –Ω–∞–¥–æ –±—ã–ª–æ —Å—Ç–æ—è—Ç—å –≤ –æ—á–µ—Ä–µ–¥–∏)",181201565,0,108
68,98,–°–¥–µ–ª–∞–Ω–æ –≤ –ò–ú–ö–¢. imctech.ru,6303325,2,97
69,99,"–ù—É –∏ –∫–æ–Ω–µ—á–Ω–æ, —Å–ø–∞—Å–∏–±–æ —Ñ–æ—Ç–æ–≥—Ä–∞—Ñ–∞–ºüòâ",222647121,3,97
70,101,"–ê —á–µ, —É–∂–µ –∑–∞–∫–æ–Ω—á–∏–ª–æ—Å—å ? üòπ",318633657,0,97
71,100,"[id222647121|–°–µ–º–µ–Ω], ‚ù§",6303325,0,97
72,92,"–°–¥–µ–ª–∞–Ω–æ –≤ –ò–ú–ö–¢, –ø—Ä–∏–¥—É–º–∞–Ω–æ –≤ –í–ò-–®–†–ú–ò üòâ",6303325,3,91
73,86,–°–¥–µ–ª–∞–Ω–æ –≤ –ò–ú–ö–¢,6303325,5,85
74,88,–ë—ã–ª–æ –æ—á–µ–Ω—å –∫—Ä—É—Ç–æ! üòä,6303325,2,85
75,84,"–ù–µ —Å—Ç–µ—Å–Ω—è–π—Ç–µ—Å—å —Å–ø—Ä–∞—à–∏–≤–∞—Ç—å, —á—Ç–æ —ç—Ç–æ –∑–∞ —à—Ç—É–∫–∞ —Ç–∞–∫–∞—è ü§ó",6303325,0,83
76,87,–°–¥–µ–ª–∞–Ω–æ –≤ –ò–ú–ö–¢,6303325,1,83
77,78,"–î—Ä—É–∑—å—è, —Å–ø–∞—Å–∏–±–æ –∑–∞ –≤–∞—à—É –∞–∫—Ç–∏–≤–Ω–æ—Å—Ç—å! –†–µ–≥–∏—Å—Ç—Ä–∞—Ü–∏—è –Ω–∞ —Ç—Ä–µ–∫–∏ –ü—Ä–æ–≥—Ä–∞–º–º–∏—Ä–æ–≤–∞–Ω–∏–µ –∏ –ì–µ–π–º–¥–∏–∑–∞–π–Ω –∑–∞–≤–µ—Ä—à–µ–Ω–∞. –£—Å–ø–µ–π—Ç–µ –ø–æ–¥–∞—Ç—å –∑–∞—è–≤–∫–∏ –Ω–∞ –ò–≥—Ä–æ–≤–æ–π –∞—Ä—Ç —Å–µ–≥–æ–¥–Ω—è –¥–æ 23.59üëæ",180190869,2,74
78,67,–°–¥–µ–ª–∞–Ω–æ –≤ –ò–ú–ö–¢,6303325,5,66
79,68,–°–¥–µ–ª–∞–Ω–æ –≤ –ò–ú–ö–¢,6303325,0,58
80,18,–ü–æ–ø—Ä–∞–≤–∫–∞ –≤ –ø—É–Ω–∫—Ç–µ –ø—Ä–æ —Ä–∞–±–æ—Ç—É –º–µ–¥–ø—É–Ω–∫—Ç–∞. –ú–æ–∂–µ—Ç–µ —Å–µ–≥–æ–¥–Ω—è —É–∂–µ –Ω–µ –ø—Ä–∏—Ö–æ–¥–∏—Ç—å. –ù–∏ –æ–¥–∏–Ω –∏–∑ –∫–∞–±–∏–Ω–µ—Ç–æ–≤ –¥–ª—è –≤–∞–∫—Ü–∏–Ω–∞—Ü–∏–∏ –Ω–µ —Ä–∞–±–æ—Ç–∞–µ—Ç,567222532,0,17
81,13,–¢–∞ –∑–∞ —à–æ,453334071,11,12
82,15,,-206944280,0,12
